"RegionName","City","State","Metro","CountyName","SizeRank","2010-02","2010-03","2010-04","2010-05","2010-06","2010-07","2010-08","2010-09","2010-10","2010-11","2010-12","2011-01","2011-02","2011-03","2011-04","2011-05","2011-06","2011-07","2011-08","2011-09","2011-10","2011-11","2011-12","2012-01","2012-02","2012-03","2012-04","2012-05","2012-06","2012-07","2012-08","2012-09","2012-10","2012-11","2012-12","2013-01","2013-02","2013-03","2013-04","2013-05","2013-06","2013-07","2013-08","2013-09","2013-10","2013-11","2013-12","2014-01","2014-02","2014-03","2014-04","2014-05","2014-06","2014-07","2014-08","2014-09","2014-10","2014-11","2014-12","2015-01","2015-02","2015-03","2015-04","2015-05","2015-06","2015-07","2015-08","2015-09","2015-10","2015-11","2015-12","2016-01","2016-02","2016-03","2016-04","2016-05","2016-06"
"Northeast Dallas","Dallas","TX","Dallas-Fort Worth","Dallas",1,,,,,,,,,,,,,,,,,,,,,,,,,,,,,,,,,,,,,,,,,,,,,,,,,,,,,,,,,,,,,1562.5,1595,1425,1400,1395,1600,1595,1500,1450,1549,1600,1500,1695,1850,1600,1775,1497.5
"Paradise","Las Vegas","NV","Las Vegas","Clark",2,,,,,,,,,,,,,,,,,,1150,1150,1100,1100,1100,1100,1100,1100,1095,1095,1100,1117.5,1100,1097,1075,1045,1050,1050,1050,1050,1095,1096.5,1100,1100,1100,1100,1125,1135,1100,1100,1100,1100,1100,1100,1125,1100,1150,1125,1125,1100,1100,1100,1137,1100,1150,1172.5,1195,1195,1200,1200,1195,1150,1200,1200,1200,1200,1250,1225,1235,1250
"Maryvale","Phoenix","AZ","Phoenix","Maricopa",3,,,,,,,,875,862.5,850,875,845,847.5,839,850,850,850,850,825,845,849,825,800,825,850,850,850,850,859,850,850,850,850,875,850,850,895,850,850,850,850,850,850,850,850,859.5,850,847.5,850,850,859,875,895,875,895,875,875,890,895,895,895,897,895,895,897,902.5,910,900,900,935,900,895,935,900,937.5,925,950
"Upper West Side","New York","NY","New York","New York",4,,,,,,,,,,,,,,,,,,5100,5650,5252.5,5370,5500,5890,5990,6000,6000,5500,5490,5790,5750,5597.5,5712.5,6100,6100,6200,6000,5990,6000,5897.5,5548,5500,5297,4995,5500,5500,5200,5500,5500,5597.5,5750,5700,5325,5620,6500,6900,6897.5,6750,6595,6925,6800,6750,6900,7000,6650,6500,6650,6700,6500,6500,6497.5,6500,6350,6500,6500,6400,6500,6300
"Sherman Oaks","Los Angeles","CA","Los Angeles-Long Beach-Anaheim","Los Angeles",5,,,,,,,,,,,,,,,,,,2900,2795,2600,2950,2995,2900,3185,2820,2820,2997.5,3100,2750,2600,2895,2900,2975,2900,2900,2750,2875,2875,2990,2995,2995,3262.5,3262.5,2995,2995,2997.5,3075,2975,2950,3172.5,3300,3700,3200,3200,3247.5,3400,3300,3097.5,3150,3022.5,3200,3100,3150,3050,3197.5,3095,3350,3800,3650,3295,3150,3400,3574.5,3325,3695,4000,4500
"Upper East Side","New York","NY","New York","New York",6,,,,,,,,,,,,,,,4774.5,4622.5,4495,4300,4395,4425,4295,4495,4350,4400,4500,4495,4495,4250,4495,4495,4300,4495,4595,4595,4600,4650,4656.5,4695,4600,4500,4425,4499,4550,4900,4895,4800,4950,5000,5195,5300,5207.5,5037.5,5595,5795,6100,6295,6395,6495,6595,5645,5597.5,6000,5997.5,5500,5847.5,5795,5650,5497.5,5500,5600,5997.5,6000,6000,6000,6272.5,6500,5600
"Sunrise Manor","Las Vegas","NV","Las Vegas","Clark",7,,,,,,,,,,,,,,,,,,925,900,925,920,900,895,896.5,899,895,900,925,900,900,900,900,900,900,895,895,899,900,900,900,900,900,900,899,895,899,899,899,900,900,917.5,950,935,925,930,950,950,950,942.5,925,950,950,950,950,950,950,950,950,975,975,950,950,985,995,975,975,1000
"East New York","New York","NY","New York","Kings",8,,,,,,,,,,,,,,,,,1700,1600,1600,1600,1600,1600,1650,1650,1625,1675,1800,1800,1744,1750,1700,1700,1700,1700,1700,1750,1800,1750,1750,1750,1800,1816.5,1800,1750,1825,1800,1800,1800,1800,1800,1800,1775,2018.5,1800,1800,1800,1800,1800,1800,1800,1800,1900,1900,1900,1900,1900,1999,2000,2000,1900,2000,2000,2000,2000,1950,2000,2000
"Spring Valley","Las Vegas","NV","Las Vegas","Clark",9,,,,,,,,,,,,1165,1195,1200,1200,1200,1200,1199,1195,1150,1150,1177.5,1150,1125,1100,1100,1100,1125,1100,1100,1100,1100,1100,1125,1150,1150,1150,1150,1150,1150,1125,1140,1125,1150,1150,1150,1150,1175,1182.5,1186.5,1182.5,1175,1175,1195,1200,1195,1195,1196.5,1199,1200,1200,1200,1225,1200,1200,1232.5,1250,1200,1235,1250,1275,1250,1222.5,1250,1230,1250,1295
"Paradise Valley","Phoenix","AZ","Phoenix","Maricopa",10,,,,1412.5,1500,1595,1495,1437.5,1367.5,1299,1350,1300,1299.5,1300,1295,1300,1312.5,1295,1250,1200,1100,1158,1164.5,1200,1125,1175,1200,1250,1300,1200,1196.5,1200,1214.5,1200,1200,1199,1200,1200,1237,1250,1250,1250,1250,1295,1250,1250,1295,1300,1300,1300,1335,1349,1350,1329,1350,1325,1295,1295,1300,1338,1395,1350,1450,1361,1350,1350,1399.5,1415,1450,1326,1345,1495,1500,1487.5,1495,1432,1450
"Deer Valley","Phoenix","AZ","Phoenix","Maricopa",11,,,,,,,1095,1050,1000,1100,1100,1175,1120,1147,1150,1150,1150,1185,1150,1095,1063,1050,1095,1099,1095,1095,1147,1128,1100,1058,1080,1075,1031,1077.5,1099,1095,1100,1100,1099,1100,1100,1099,1100,1100,1100,1100,1119,1109,1104.5,1150,1150,1195,1197,1150,1150,1150,1150,1150,1150,1150,1180,1195,1175,1195,1212.5,1200,1203,1250,1250,1322,1200,1250,1200,1242.5,1233.5,1225,1227.5
"Washington Heights","New York","NY","New York","New York",12,,,,,,,,,,,,,2095,2195,2200,2200,2150,2225,2200,2200,2200,2237.5,2225,2250,2295,2295,2295,2300,2300,2300,2300,2250,2295,2295,2299,2299,2299,2325,2395,2400,2400,2475,2400,2400,2395,2392.5,2395,2395,2395,2395,2420,2500,2517.5,2400,2495,2500,2550,2497.5,2495,2550,2495,2425,2500,2525,2595,2550,2695,2700,2700,2617.5,2566,2600,2650,2600,2550,2500,2500
"Astoria","New York","NY","New York","Queens",13,,,,,,,,,,,,,,,,,2100,2200,2400,2400,2400,2375,2400,2400,2495,2495,2500,2400,2400,2500,2600,2700,2600,2500,2600,2550,2550,2600,2600,2600,2625,2600,2672.5,2700,2800,2800,2700,2700,2700,2725,2800,2900,2900,2900,3000,3000,3000,2900,2800,2800,2850,2850,2900,2900,2900,2900,3000,3000,3000,3000,3000,3000,3000,3000,3000,3000,3000
"North Mountain","Phoenix","AZ","Phoenix","Maricopa",14,,,,,,,,,899,899,962.5,900,950,995,995,975,975,975,975,975,950,950,897,899.5,900,919,947.5,975,950,925,957.5,950,937.5,950,950,930,960,986,995,975,975,977,965,975,995,992.5,995,995,975,975,975,995,1000,1000,1025,1050,1095,1095,1050,1000,995,995,995,1050,1095,1075,995,1050,1050,1055,1050,1050,1075,1100,1097,1010,1025
"Far North","Dallas","TX","Dallas-Fort Worth","Dallas",15,,,,,,,,,,,,,,1495,1500,1462.5,1597,1600,1485,1500,1397.5,1375,1404.5,1281,1235,1349.5,1354.5,1395,1450,1400,1475,1495,1375,1300,1365,1405,1347.5,1409,1451.5,1451,1475,1475,1432.5,1550,1597.5,1650,1595,1642.5,1687.5,1700,1617,1680,1800,1775,1650,1600,1709.5,1695,1695,1740,1697,1650,1695,1700,1750,1722,1724,1695,1700,1724,1750,1797.5,1736,1734,1716.5,1722,1711
"Williamsburg","New York","NY","New York","Kings",16,,,,,,,,,,,,,,,,,3050,3050,2975,3000,3300,3200,3000,2900,3000,3100,3000,3125,3065,3200,3247.5,3300,3200,3200,3200,3300,3200,3195,3300,3496,3499,3500,3500,3500,3500,3595,3450,3400,3395,3400,3500,3600,3600,3500,3500,3500,3499,3500,3500,3500,3552,3600,3658,3900,3700,3695,3658.5,3849.5,3800,3800,3700,3726,3800,3849,3800,3695,3616
"Bedford Stuyvesant","New York","NY","New York","Kings",17,,,,,,,,,,,,,1750,1800,1700,1700,1949.5,1949,1962.5,1900,1900,1900,1900,1950,1862.5,1900,1900,1995,2000,2000,2200,2100,2100,2000,2000,2100,2100,2200,2200,2450,2600,2598.5,2650,2599,2500,2500,2500,2550,2550,2599,2599,2503.5,2500,2599,2600,2700,2697,2675,2600,2550,2600,2600,2600,2700,2695,2700,2700,2799,2750,2800,2799,2800,2795,2750,2700,2795,2800
"East Side","El Paso","TX","El Paso","El Paso",18,,,,,,,,,,,,,,,1100,1075,1025,1025,995,1025,1050,1000,995,1050,1050,1100,1150,1100,1100,1100,1050,1025,1000,995,975,975,975,975,995,1000,1000,1000,1000,1000,1000,950,995,975,975,975,975,950,995,995,995,955,995,1000,1000,1000,1000,1035,1087.5,1040,1095,1095,1050,1000,1050,1025,1000,1000,1000,1000,1010,1037.5,1000
"Camelback East","Phoenix","AZ","Phoenix","Maricopa",19,,,,,,,,,,,,1300,1500,1500,1500,1400,1200,1195,1200,1200,1300,1200,1200,1277,1195,1220,1251,1200,1250,1385,1200,1181.5,1209,1120,1158,1250,1195,1200,1200,1211,1273,1275,1200,1208,1250,1375,1350,1300,1300,1350,1395,1500,1462.5,1300,1300,1395,1350,1325,1300,1300,1395,1412.5,1475,1420.5,1450,1400,1541,1500,1495,1350,1492.5,1495,1400,1450,1500,1443,1500
"Flatbush","New York","NY","New York","Kings",20,,,,,,,,,,,,,,,,,,1850,1895,1897.5,1850,1800,1725,1700,1700,1700,1750,1700,1900,1950,1850,1850,1899.5,1832,1858,1900,1950,1900,1900,2100,2174.5,2250,2399,2299,2195,2099,2200,2195,2150,2174.5,2200,2150,2150,2200,2112.5,2200,2300,2299.5,2100,2100,2200,2300,2395,2450,2399,2375,2375,2387,2350,2350,2300,2400,2400,2400,2400,2400,2450
"Crown Heights","New York","NY","New York","Kings",21,,,,,,,,,,,,,,,,,,,,,,,,,,,,,,2400,2400,2500,2499,2375,2300,2400,2500,2500,2500,2650,2700,2797,2800,2799.5,2789,2699,2600,2650,2695,2650,2624,2650,2700,2800,2800,2895,2900,2950,2850,2800,2800,2781,2789,2800,2799,2800,2850,2800,2925,2800,2800,2800,2870,2895,2899,2995,2899.5
"Southeast Dallas","Dallas","TX","Dallas-Fort Worth","Dallas",22,,,,,,,,,,,,,995,1050,962.5,900,950,912.5,845,875,995,995,950,950,900,900,950,950,995,998,1000,995,951.5,950,950,969,998,995,1000,1000,975,995,950,962.5,950,950,950,950,1012.5,1050,1050,1050,1075,1050,1050,1050,1062.5,1050,1075,1050,1025,1062.5,1000,1000,1000,1050,1012.5,995,980,1005,980,975,975,975,1098,1125,1050
"Harlem","New York","NY","New York","New York",23,,,,,,,,,,,,,,,,,,,,,,2500,2500,2500,2400,2400,2275,2225,2300,2325,2495,2400,2500,2500,2400,2200,2300,2500,2600,2695,2700,2695,2600,2500,2500,2595,2497.5,2550,2600,2650,2750,2872.5,2800,2795,2800,2990,2900,2750,2700,2700,2685,2625,2695,2750,2942.5,2990,3000,3000,2905,2900,2900,2900,2997.5,2900,2950,3000,3000
"Williamsbridge","New York","NY","New York","Bronx",24,,,,,,,,,,,,,,,,,,,,,,,,,,,,,,,,,,,,,,,,,,,1700,1775,1800,1700,1750,1800,1750,1800,1800,1750,1750,1800,1800,1800,1800,1800,1800,1800,1800,1800,1850,1850,1800,1925,1900,1850,1900,1900,1850,1800,1800,1900,1999.5,1900,1956
"East Harlem","New York","NY","New York","New York",25,,,,,,,,,,,,,,,,,,2995,3200,2925,2847.5,2895,3000,3095,2995,3000,3197.5,3225,3450,3300,3300,3400,3495,3495,3300,3300,3300,3300,3299,3345,3395,3295,3295,3425,3450,3397,3450,3395,3300,3395,3397,3395,3400,3350,3300,3300,3395,3300,3395,3150,3200,3000,3000,3500,3450,3400,3445,3400,3440,3397,3300,3300,3345,3495,3499.5,3400,3495
"Bushwick","New York","NY","New York","Kings",26,,,,,,,,,,,,,,,,,1700,1800,1800,1950,1875,1825,1800,1750,1725,1800,1800,1800,2100,2150,2200,2250,2200,2195,2150,2150,2100,2200,2400,2500,2500,2500,2699,2699,2600,2600,2600,2550,2550,2500,2500,2500,2500,2580,2650,2699,2600,2600,2675,2700,2700,2700,2695,2650,2700,2800,2800,2800,2800,2800,2800,2800,2800,2800,2885,2885,2899
"North Scottsdale","Scottsdale","AZ","Phoenix","Maricopa",27,2500,2500,2495,2350,2400,2500,2500,2500,2500,2500,2500,2500,2400,2472.5,2500,2500,2400,2350,2400,2500,2500,2300,2300,2350,2500,2200,2100,2150,2095,2195,2172.5,2000,1962.5,1850,2000,1800,1872.5,2000,2000,2000,1900,1975,1999.5,2000,2150,2050,2000,2000,2170,2100,1995,2000,2009,2200,2200,2200,2200,2272.5,2400,2250,2450,2400,2400,2395,2400,2500,2400,2400,2550,2400,2450,2397.5,2337.5,2299.5,2400,2030,2100
"East Flatbush","New York","NY","New York","Kings",28,,,,,,,,,,,,,,,,,,,,,,,,,,,,,,,,,,,,,,,,,,,,,1991.5,1900,1946,1995,1900,1900,1900,1950,1950,1900,1900,1900,1900,1900,2000,2000,2000,2000,2050,2100,2100,2025,2050,2000,2000,2099.5,2095,2095,2025,2000,2000,2100,2095
"Enterprise","Las Vegas","NV","Las Vegas","Clark",29,,,1150,1150,1075,1100,1132,1164,1195,1175,1125,1195,1200,1200,1197.5,1200,1200,1195,1200,1200,1200,1200,1195,1200,1195,1195,1195,1195,1200,1195,1195,1195,1175,1150,1150,1150,1175,1195,1195,1195,1199,1200,1195,1195,1195,1195,1195,1195,1195,1195,1195,1200,1200,1250,1225,1245,1200,1200,1200,1250,1225,1200,1225,1225,1250,1250,1270,1250,1250,1250,1250,1250,1275,1275,1255,1295,1275
"South Mountain","Phoenix","AZ","Phoenix","Maricopa",30,,,,,,,,,,950,900,975,985,995,975,975,995,950,930,925,950,925,895,900,962.5,995,975,900,950,995,999,999,950,950,950,977,995,995,950,985,986,975,950,997.5,950,975,975,950,975,995,995,995,995,995,995,995,995,1000,1020,985,1025,1050,1050,1049.5,1012.5,1050,1037,950,995,1009,1017,995,950,950,999,1025,1000
"East Memphis-Colonial-Yorkshire","Memphis","TN","Memphis","Shelby",31,,,,,,,,,,,,,,,,,995,995,1112.5,1000,1000,962.5,972.5,1095,1100,1100,1095,1097.5,1030,1047.5,897.5,965,895,850,850,800,850,862.5,877.5,950,950,925,900,950,950,895,897.5,897.5,825,800,800,875,895,875,875,875,875,900,895,895,875,875,895,895,850,850,875,865,870,895,925,900,885,895,925,985,895
"Sunset Park","New York","NY","New York","Kings",32,,,,,,,,,,,,,,,,,,,,,,,1775,1650,1850,1900,1900,1800,1800,1850,1900,1800,1800,1750,1725,2000,2000,2100,2100,2000,2100,2100,2200,2200,2200,2200,2200,2100,2200,2200,2200,2250,2250,2100,2100,2100,2100,2100,2200,2025,2100,2200,2200,2200,2200,2200,2200,2300,2400,2300,2204,2204,2300,2300,2300,2291,2400
"South Side","Corpus Christi","TX","Corpus Christi","Nueces",33,,,,,,,,,,,,,,,,,,,,,,,,,,,,,,,,,,,,,,,,,,,,,1649.5,1625,1650,1650,1650,1600,1560,1550,1495,1550,1555,1480,1700,1650,1550,1599,1575,1650,1700,1650,1525,1550,1597.5,1450,1472.5,1512.5,1550,1600,1450,1497.5,1552.5,1625,1650
"Alief","Houston","TX","Houston","Harris",34,,,,,,,,,,,,,,,,,,,,,,,,,,,,,,,1000,995,850,959,920,900,950,962,1044,1100,1100,975,1100,1150,1124.5,1157.5,1099,1075,1062.5,1100,1175,1197.5,1150,1165,1200,1200,1200,1200,1160,1182.5,1200,1224,1224.5,1200,1250,1200,1225,1250,1250,1250,1250,1200,1250,1250,1278,1199,1250
"Bullard","Fresno","CA","Fresno","Fresno",35,,,,,,,,,,,,,,,,,,,,,,,,1150,1092,1095,1195,1195,1150,1150,1185,1150,1147.5,1195,1150,1119,1100,1119,1150,1195,1195,1172.5,1240,1225,1250,1195,1175,1162.5,1195,1195,1195,1210,1200,1250,1237.5,1200,1200,1250,1249.5,1255,1295,1272.5,1295,1250,1250,1262.5,1295,1250,1295,1295,1250,1200,1225,1250,1212.5,1250,1250
"Bensonhurst","New York","NY","New York","Kings",36,,,,,,,,,,,,,,,,,,,,,,,,,,,,,,,,,,,,,,,,,,,1900,1950,1900,1800,1875,1800,1800,1800,1900,2000,1900,2000,2000,1900,1990,2100,2250,2100,2000,2100,2195,2200,2200,2100,2200,2100,2100,2100,2100,2100,2050,2000,2000,2100,2150
"Northeast","El Paso","TX","El Paso","El Paso",37,,,,,,,,,,,,,,,,,,,,,,,,,1050,1150,997.5,1050,1100,1000,947.5,975,995,995,995,945,945,950,950,975,997.5,1000,995,995,962.5,982,985,982,978.5,950,955,995,995,995,950,950,950,950,950,950,950,995,995,999.5,1000,995,995,990,975,950,950,975,975,995,995,962.5,1000
"Southwest Dallas","Dallas","TX","Dallas-Fort Worth","Dallas",38,,,,,,,,,,,,,,,,,,1095,1072.5,1050,995,1025,1050,925,900,900,950,1050,1100,1150,1100,1050,1089,1100,1150,1100,1100,1142.5,1150,1150,1120,1140,1175,1195,1162.5,1150,1185,1195,1150,1132.5,1112.5,1195,1195,1150,1142.5,1140,1145,1140,1175,1197.5,1200,1247.5,1175,1200,1225,1217,1195,1202.5,1197.5,1200,1200,1200,1250,1285,1295,1295,1295
"West San Jose","San Jose","CA","San Jose","Santa Clara",39,,,,,,,,,,,,,,,,,,,,,,,,,,,,,,,,,,,,,,,,,,,,,,,,,,,,,,,,,2999.5,2995,3095,3156.5,3195,3100,3197.5,3400,3600,3547.5,3400,3397.5,3300,3400,3425,3597.5,3500,3500,3550,3599,3444
"White Haven-Coro Lake","Memphis","TN","Memphis","Shelby",40,,,,,,,,,,,,,,,,,,,,,,,,,,,,,,,,,,,750,709,717,725,725,725,750,772.5,755.5,795,775,797.5,825,795,795,795,795,750,795,795,795,795,795,795,750,750,750,795,795,795,797,795,750,795,795,795,750,750,780,795,797,810,825
"East","Arlington","TX","Dallas-Fort Worth","Tarrant",41,,,,,,,,,,,,,,,,,,995,900,900,895,895,920,927,950,919,919,919,950,950,950,945,922.5,910,920,950,950,925,950,995,990,1000,995,995,999,1050,1050,1075,1095,1075,1075,1100,1095,1150,1100,1100,1137.5,1150,1150,1110,1125,1150,1150,1129,1150,1137.5,1110,1150,1195,1225,1195,1150,1192.5,1170,1212.5,1290,1212.5
"Lower East Side","New York","NY","New York","New York",42,,,,,,,,,,,,,,3100,3300,3625,3600,3750,3770,3940,3950,3722.5,3690,3600,3795,3900,3900,4122.5,4047.5,4200,4500,4750,4550,4200,4200,4400,4445,4392.5,4300,4295,4350,4250,4200,4495,4450,4350,4350,4500,4500,4500,4500,4495,4495,4500,4622.5,4595,4500,4500,4500,4397.5,4595,4500,4575,4700,4695,4745,4797.5,4800,4695,4675,4662.5,4625,4695,4897.5,4895,4747.5,4970
"Canarsie","New York","NY","New York","Kings",43,,,,,,,,,,,,,,,,,,,,,,,,,,,,,1833,1895,1800,1800,1800,1800,1900,1937.5,1900,1850,1800,1800,1800,1900,1825,1800,1800,1800,1785,1800,1800,1800,1800,1750,1750,1800,1800,1800,1800,1800,1800,1850,1900,1900,1900,1900,1900,1950,2000,2000,2100,2125,2100,2000,2000,2050,2000,2100,2000
"Northwest","El Paso","TX","El Paso","El Paso",44,,,,,,,,,,,,,,1500,1475,1387.5,1350,1300,1300,1345,1350,1300,1300,1300,1297.5,1350,1400,1350,1350,1300,1375,1350,1382.5,1325,1300,1367.5,1300,1350,1325,1300,1300,1350,1300,1300,1250,1280,1300,1250,1295,1250,1250,1292.5,1325,1300,1250,1250,1250,1237.5,1250,1250,1250,1250,1250,1325,1349,1297.5,1297.5,1225,1250,1225,1200,1250,1250,1250,1250,1200,1300
"Southeast","Arlington","TX","Dallas-Fort Worth","Tarrant",45,,,,,,,,,,,,,1285,1225,1222.5,1250,1285,1250,1197.5,1195,1200,1200,1175,1185,1200,1250,1250,1195,1200,1225,1250,1200,1200,1250,1250,1200,1245,1255,1267.5,1275,1295,1288,1275,1250,1250,1250,1250,1250,1225,1237.5,1250,1295,1295,1300,1281,1295,1295,1300,1295,1300,1345,1345,1350,1350,1350,1395,1400,1395,1394.5,1395,1395,1375,1375,1375,1350,1385,1425
"Logan Square","Chicago","IL","Chicago","Cook",46,,,,,,,,,,,,,,,,,,,,,,,,,,,,,,,,,,,,,,,,,,,,,,,,,,,,,,,,,,,,,,,,1900,2000,1995,1875,1850,1800,1800,1800,1850,1850,1895,1900,1995,2195
"South Scottsdale","Scottsdale","AZ","Phoenix","Maricopa",47,,,,,,,,,,,,,1850,1800,1850,1650,1800,1699,1675,1600,1750,1700,1700,1597.5,1595,1500.5,1495,1495,1595,1550,1495,1495,1445,1495,1450,1475,1495,1495,1475,1485,1500,1497.5,1500,1597.5,1500,1597.5,1500,1560,1575,1550,1560,1624.5,1600,1624.5,1675,1762,1669.5,1700,1800,1825,1887.5,1790,1744,1700,1700,1799,1715,1874.5,1900,1900,1895,1950,1862.5,1798,1905.5,1925,1918
"Flushing","New York","NY","New York","Queens",48,,,,,,,,,,,,,,,,,,,,,,,,,,,,,,,,,,,,,,,,,,,,,,,,,,,,,,2300,2310,2300,2397.5,2290,2295,2285,2350,2300,2250,2250,2250,2325,2400,2400,2375,2400,2275,2595,2500,2499,2487.5,2500,2272.5
"Ahwatukee Foothills","Phoenix","AZ","Phoenix","Maricopa",49,,,,,,,,,,,,,1325,1300,1295,1295,1250,1250,1250,1200,1195,1195,1195,1250,1250,1195,1212.5,1150,1250,1237.5,1225,1225,1190,1150,1185,1250,1250,1247,1250,1288,1279.5,1240,1200,1280,1295,1362.5,1342,1350,1350,1350,1350,1350,1350,1350,1350,1300,1300,1300,1375,1385,1350,1350,1350,1350,1350,1399.5,1395,1350,1350,1350,1385,1400,1395,1415,1397,1398.5,1401.5
"Murray Hill","New York","NY","New York","Queens",50,,,,,,,,,,,,,,,,,,,,,,,,,,,,,,,,,,,,,,,,,2100,2100,2150,2100,2000,2000,2000,2000,2025,2000,2000,2100,2100,2100,2200,2200,2200,2200,2200,2200,2200,2200,2150,2200,2300,2450,2300,2250,2200,2200,2250,2280,2300,2400,2300,2300,2300
"Sheepshead Bay","New York","NY","New York","Kings",51,,,,,,,,,,,,,,,,,,,,,,,,,,,,,,,,,,,,,,,,,,2200,2297.5,2300,2000,2025,2000,2100,1900,1900,1900,2000,2225,2300,2300,2300,2250,2025,2225,2200,2200,2200,2200,2200,2250,2300,2380,2380,2395,2325,2300,2100,2100,2150,2000,2300,2300
"West","Arlington","TX","Dallas-Fort Worth","Tarrant",52,,,,,,,,,,,,,,,,,1150,1095,995,1095,1100,1082.5,1095,1100,1122.5,1072.5,1095,1095,1100,1097.5,1135,1100,1100,1100,1125,1100,1150,1150,1137.5,1150,1172.5,1156.5,1106.5,1150,1150,1150,1150,1150,1177.5,1195,1195,1200,1250,1250,1250,1250,1249.5,1200,1200,1297.5,1299,1250,1295,1297.5,1312.5,1350,1337.5,1325,1275.5,1295,1350,1350,1395,1350,1385,1347.5,1377
"North Raleigh","Raleigh","NC","Raleigh","Wake",53,,,,,,,,,,,,,,,,,,,,,,,,,,,1104,1095,1075,1150,1104,1090,1160,1160,1127,1127,1096,1170,1214.5,1195,1250,1250,1250,1200,1195,1150,1184,1150,1187.5,1195,1200,1250,1250,1250,1250,1212.5,1250,1185,1195,1220,1235,1235,1250,1336,1250,1250,1295,1265,1227.5,1225,1250,1249.5,1250,1277.5,1278,1299,1279
"Gravesend","New York","NY","New York","Kings",54,,,,,,,,,,,,,,,,,,,,,,,,,,,,,,,,,,,,,,,,,,,,,,1850,1800,2000,2200,2000,2000,2000,1900,1900,1900,1900,2000,1950,2000,2050,2050,2100,2100,2150,2200,2200,2300,2300,2000,2100,2000,2100,2100,2100,2100,2200,2300
"Forest Hills","New York","NY","New York","Queens",55,,,,,,,,,,,,,,,,,,,,,,,,,,,,,,,,2997.5,2895,2787.5,2800,2795,2837.5,2695,2700,2695,3000,3200,3000,3000,3000,3000,3000,2988,3000,2900,2900,2900,2800,2800,3000,3200,3200,3100,3025,3000,3125,3125,3125,2995,2997,2995,2800,2799.5,2800,3000,3000,3000,2800,2800,2875,3200,2900
"East Village","New York","NY","New York","New York",56,,,,,,,,,,,,3197.5,3197.5,3500,3700,3795,3695,3750,3800,3800,4000,3995,4000,4150,4097.5,4000,3995,4200,4250,4200,4200,4250,4250,4295,4250,4295,4295,4299,4300,4290,4295,4300,4250,4250,4250,4300,4350,4350,4400,4400,4400,4500,4495,4695,4500,4400,4400,4400,4450,4725,4800,4900,4700,4500,4625,4590,4500,4450,4500,4500,4495,4525,4500,4500,4595,4595,4750
"West Rogers Park","Chicago","IL","Chicago","Cook",57,,,,,,,,,,,,,,,,,,1300,1300,1495,1400,1495,1495,1400,1400,1495,1450,1450,1500,1495,1500,1500,1500,1425,1425,1450,1450,1500,1500,1600,1500,1400,1500,1595,1595,1595,1550,1500,1500,1500,1500,1500,1597.5,1550,1600,1595,1600,1550,1550,1570,1590,1500,1600,1600,1550,1600,1600,1585,1562.5,1600,1500,1500,1500,1500,1492.5,1575,1500
"Cordova-Appling","Memphis","TN","Memphis","Shelby",58,,,,,,,,,,,,,,,,,,1150,1150,1175,1095,1095,1125,1095,1100,1100,1095,1100,1120.5,1125,1100,1095,1097.5,1100,1145,1067.5,1095,1100,1100,1095,1100,1150,1095,1092.5,1095,1100,1100,1112.5,1100,1125,1125,1175,1165,1150,1125,1145,1150,1125,1150,1160,1175,1175,1195,1175,1195,1195,1195,1152.5,1195,1195,1195,1195,1200,1227.5,1225,1195,1199
"Eldridge - West Oaks","Houston","TX","Houston","Harris",59,,,,,,,,,,,,,,,,,,,,,,,,,,,,,,,,,,,,,,,,,,,,,,,,,1987.5,1975,1950,2000,2200,2099,2200,2000,1740.5,1850,1897.5,2000,2037.5,1997.5,2000,1900,1900,1995,1900,1845,1845,1697.5,1709.5,1800,1775,1800,1750,1699.5,1885
"Ridgewood","New York","NY","New York","Queens",60,,,,,,,,,,,,,,,,,,,,,,,,,,,,,,,,,,,,,,,,,,,,,,,,,,,,,2495,2300,2200,2200,2350,2400,2460,2415,2400,2400,2400,2400,2500,2500,2600,2600,2550,2600,2599,2550,2700,2795,2850,2850,2850
"Hickory Ridge-South Riverdale","Memphis","TN","Memphis","Shelby",61,,,,,,,,,,,,,,,,,,,,,,,,,,,,,,900,900,875,895,950,900,895,905,925,925,950,950,950,900,895,895,895,950,975,950,950,950,950,950,950,925,950,950,950,950,950,950,950,950,925,950,950,950,950,950,975,950,950,975,995,990,975,995
"South Dorchester","Boston","MA","Boston","Suffolk",62,,,,,,,,,,,,,,,,,,,1600,1600,1550,1550,1550,1570,1600,1650,1600,1700,1600,1650,1700,1700,1700,1700,1700,1700,1700,1700,1700,1700,1700,1650,1700,1700,1700,1750,1700,1750,1795,1750,1750,1700,1700,1700,1800,1750,1750,1750,1750,1800,1800,1900,1900,1900,1900,1900,1950,1950,1925,1900,1900,1900,2000,2000,2000,2100,2025
"Princess Anne","Virginia Beach","VA","Virginia Beach","Virginia Beach City",63,,,,,,,,,,,,1525,1500,1500,1500,1500,1545,1500,1537.5,1500,1500,1495,1495,1500,1500,1512.5,1550,1550,1575,1575,1550,1537.5,1500,1500,1500,1500,1485,1495,1500,1595,1595,1595,1545,1497.5,1495,1495,1450,1450,1485,1500,1500,1550,1557.5,1595,1545,1550,1550,1550,1575,1562.5,1550,1525,1500,1595,1595,1575,1595,1550,1575,1550,1562.5,1595,1550,1550,1550,1575,1585
"Southeast Colorado Springs","Colorado Springs","CO","Colorado Springs","El Paso",64,,,,,,,,,,,,,,,,1095,1095,1050,1050,1095,1050,1095,1050,1050,1085,1095,1095,1095,1095,1095,1095,1095,1050,1050,1050,1050,1095,1100,1100,1150,1100,1100,1100,1100,1100,1097.5,1085,1095,1095,1095,1095,1100,1100,1100,1100,1100,1150,1122.5,1125,1100,1100,1095,1100,1150,1195,1200,1200,1150,1150,1150,1162.5,1195,1150,1195,1162.5,1195,1222.5
"Northwest Raleigh","Raleigh","NC","Raleigh","Wake",65,,,,,,,,,,,,1245,1247.5,1250,1250,1250,1250,1282,1295,1295,1170,1137.5,1200,1190,1177.5,1200,1187,1199.5,1225,1260,1235,1230,1163,1180,1156,1165,1216,1216,1219,1250,1250,1275,1295,1310,1300,1319,1297.5,1300,1337.5,1300,1300,1295,1322,1299.5,1295,1300,1325,1309,1295,1306.5,1350,1362.5,1350,1350,1350,1325,1370,1350,1300,1377.5,1395,1391,1385,1360,1419,1399.5,1437.5
"Kingwood Area","Houston","TX","Houston","Harris",66,,,,,,,,,,,,,,,,,,,,,,,,,,1300,1400,1375,1422.5,1410,1325,1375,1325,1337.5,1365,1250,1375,1335,1440,1482.5,1325,1450,1400,1462.5,1450,1500,1375,1462.5,1500,1500,1500,1450,1450,1490,1490,1500,1512.5,1552.5,1555,1600,1545,1500,1500,1592,1635,1600,1650,1675,1550,1550,1600,1600,1550,1600,1578,1597.5,1540
"Estrella","Phoenix","AZ","Phoenix","Maricopa",67,,,,,,,,,,,,900,900,900,925,925,900,900,900,900,895,895,895,895,899.5,925,950,925,925,927.5,900,900,925,900,910,922.5,950,900,900,925,925,922.5,900,900,895,895,900,900,900,900,900,950,950,935,950,950,950,950,950,925,947.5,930.5,950,975,950,962.5,975,995,985,975,985,975,995,950,950,1007.5,995
"Midwood","New York","NY","New York","Kings",68,,,,,,,,,,,,,,,,,,,,,,,,,,,,,,,,,,,,,,,,,,,,,,,,,,,,,,,,,,,,,,,,,2732.5,2400,2500,2400,2400,2400,2350,2400,2400,2450,2500,2400,2400
"Northeast Colorado Springs","Colorado Springs","CO","Colorado Springs","El Paso",69,,,,,,,,,,,,,,,,,,,,,,,,,,1200,1195,1225,1200,1200,1150,1185,1150,1200,1195,1155,1172,1150,1195,1195,1200,1250,1250,1225,1200,1250,1250,1250,1250,1250,1250,1272.5,1250,1295,1250,1295,1250,1250,1295,1262,1250,1295,1285,1295,1300,1300,1300,1250,1297.5,1285,1300,1325,1325,1375,1300,1312.5,1395
"Woodward Park","Fresno","CA","Fresno","Fresno",70,,,,,,,,,,,,,,,,,,,,,,,,,,,,,1357.5,1385,1350,1365,1475,1450,1450,1450,1425,1425,1500,1472.5,1400,1495,1400,1400,1400,1400,1395,1395,1395,1395,1374,1395,1450,1400,1395,1400,1450,1400,1395,1400,1400,1400,1400,1437.5,1472.5,1500,1500,1495,1495,1495,1495,1400,1450,1450,1490,1495,1495
"Park Slope","New York","NY","New York","Kings",71,,,,,,,,,,,,,,,,,,,,,,,,,,3200,3224.5,3290,3400,3500,3500,3400,3300,3225,3250,3300,3400,3300,3300,3347.5,3500,3300,3300,3295,3295,3825,3950,3800,3800,3800,3800,3800,3999,3800,3650,3750,3500,3500,3600,3900,3700,3900,3650,3595,3700,3795,3790,3600,3600,3750,3600,3600,3597,3600,3600,3700,3700
"Albany Park","Chicago","IL","Chicago","Cook",72,,,,,,,,,,,,,,,,,,,,,,,,,,,,,1450,1415,1525,1300,1325,1300,1350,1350,1400,1497.5,1350,1400,1400,1500,1600,1550,1497.5,1400,1437.5,1475,1500,1500,1500,1512.5,1550,1550,1500,1550,1500,1437.5,1425,1435,1495,1495,1580,1600,1600,1600,1650,1625,1600,1575,1500,1500,1500,1600,1600,1650,1650
"Westwood","Los Angeles","CA","Los Angeles-Long Beach-Anaheim","Los Angeles",73,,,,,,,,,,,,,,,,,,,,,,,,,,,,,,,,,,,,,,,,,,,,,,,,,,,,,,,,,,,,,,,6875,6000,5725,5700,5500,5900,6147.5,6200,6250,6900,6497.5,6472.5,6300,6400,6152
"Central Colorado Springs","Colorado Springs","CO","Colorado Springs","El Paso",74,,,,,,,,,,,,,,,,,,,,,,,,,,,,,,,1125,1137.5,1100,1095,1100,1100,1150,1150,1150,1112.5,1150,1150,1150,1195,1220,1195,1192.5,1150,1150,1150,1150,1150,1150,1150,1195,1195,1195,1195,1175,1195,1200,1185,1195,1200,1195,1225,1245,1245,1250,1235,1245,1225,1212.5,1195,1195,1195,1225
"Gramercy","New York","NY","New York","New York",75,,,,,,,,,,,,,,,,,3995,4200,4395,4395,4395,4495,4495,4325,4200,4200,4200,4200,4299,4300,4495,4425,4500,4500,4600,4550,4600,4600,4600,4650,4600,4665,4650,4600,4695,4650,4795,4672.5,4695,4700,4650,4500,4695,5297.5,5295,5295,5325,5325,5325,5300,5200,5195,5197.5,5075,5100,5116.5,5200,5295,5200,5200,5200,5197.5,5200,5197.5,5025,5000,5100
"Archer Heights","Chicago","IL","Chicago","Cook",76,,,,,,,,,,,,,,,,,1150,1150,1150,1100,1100,1100,1100,1100,1100,1100,1100,1100,1125,1100,1100,1100,1100,1100,1100,1100,1100,1172,1161,1175,1100,1200,1200,1200,1200,1200,1100,1100,1100,1100,1100,1045,1045,1100,1200,1100,1200,1200,1200,1200,1200,1200,1200,1150,1250,1200,1200,1200,1195,1200,1200,1200,1250,1150,1150,1150,1250
"Bay Ridge","New York","NY","New York","Kings",77,,,,,,,,,,,,,,,,,,1850,1900,2000,2200,2000,1950,1875,1850,1900,2000,2100,2000,2100,2300,2200,2100,2100,2300,2200,2050,2200,2200,2000,2200,2300,2300,2300,2300,2400,2400,2300,2300,2200,2274.5,2300,2300,2300,2400,2450,2300,2300,2300,2300,2300,2350,2500,2500,2500,2500,2500,2500,2400,2400,2400,2400,2400,2425,2500,2400,2500
"Rogers Park","Chicago","IL","Chicago","Cook",78,,,,,,,,,,,,,,1495,1400,1525,1500,1510,1500,1500,1500,1475,1475,1475,1475,1525,1500,1500,1495,1600,1625,1500,1400,1400,1450,1500,1450,1500,1500,1500,1525,1575,1500,1600,1575,1500,1550,1575,1550,1500,1550,1600,1600,1637.5,1650,1600,1550,1525,1500,1550,1550,1550,1625,1650,1600,1600,1625,1600,1585,1600,1500,1600,1600,1602.5,1615,1650,1785
"The Heights","Jersey City","NJ","New York","Hudson",79,,,,,,,,,,,,,,1675,1725,1800,1800,1750,1700,1700,1600,1500,1600,1600,1650,1750,1725,1700,1700,1750,1675,1700,1700,1700,1700,1700,1700,1650,1800,1800,1800,1800,1700,1750,1650,1500,1625,1800,1800,1800,1800,1900,1925,1825,1975,1750,1700,1797.5,1700,1800,1850,2000,1950,1950,2000,2075,2100,2150,2150,2150,2100,2150,2150,2075,2100,2125,2200
"Kensington","New York","NY","New York","Kings",80,,,,,,,,,,,,,,,,,,,,,2100,2100,2100,2175,2200,2200,2250,2200,2400,2400,2400,2300,2200,2200,2200,2362.5,2500,2350,2450,2500,2600,2700,2700,2700,2449,2425,2412.5,2500,2495,2495,2400,2395,2600,2400,2400,2500,2595,2595,2650,2595,2500,2495,2500,2495,2600,2700,2700,2725,2695,2700,2600,2600,2525,2700,2700,2700,2850
"Raleigh","Memphis","TN","Memphis","Shelby",81,,,,,,,,,,,,,,,,,,,,850,810,750,750,750,795,797.5,797.5,862.5,835,795,795,760,750,750,780,795,795,790,775,775,795,800,810,800,795,812.5,825,825,825,825,825,795,795,795,795,795,795,800,825,800,795,797.5,795,800,800,825,795,795,795,775,795,800,825,850,825,825,850
"Kempsville","Virginia Beach","VA","Virginia Beach","Virginia Beach City",82,,,,,,,,,,,,1200,1250,1250,1250,1325,1300,1297.5,1250,1250,1250,1250,1200,1250,1250,1295,1295,1295,1275,1275,1275,1295,1295,1295,1262.5,1295,1270,1270,1297,1295,1295,1275,1250,1250,1250,1250,1285,1250,1250,1250,1250,1295,1295,1295,1267.5,1295,1295,1300,1300,1297.5,1295,1295,1300,1350,1309,1300,1300,1297.5,1300,1295,1295,1275,1250,1247.5,1252.5,1295,1295
"Bath Beach","New York","NY","New York","Kings",83,,,,,,,,,,,,,,,,,,,,,,,,,,,,,,,,,,,,,,,,,,,,1950,1925,1890,1890,1900,1900,1850,1850,1900,1900,1975,2000,1875,2000,2000,2000,2000,2000,2000,2100,2050,2100,2200,2100,2100,2100,2050,2000,2195,2200,2100,2050,2100,2100
"Centennial Hills","Las Vegas","NV","Las Vegas","Clark",84,,,,,,,,,,,,1195,1150,1195,1150,1150,1195,1195,1150,1150,1150,1100,1100,1095,1097.5,1095,1095,1090,1075,1100,1100,1095,1095,1050,1062.5,1075,1050,1050,1082.5,1095,1100,1095,1100,1100,1100,1100,1100,1100,1095,1095,1095,1100,1100,1100,1150,1150,1150,1125,1150,1150,1150,1195,1152.5,1195,1175,1195,1150,1175,1195,1162.5,1150,1180,1200,1195,1175,1199.5,1230
"Roxbury","Boston","MA","Boston","Suffolk",85,,,,,,,,,,,,,,,,,,1600,1572.5,1550,1585,1595,1595,1625,1625,1700,1800,1800,1937.5,1800,1850,1800,1800,1725,1900,1800,1800,1775,1800,1950,1975,2000,2100,1825,1900,1900,1900,1850,2100,2100,2100,2200,2225,2200,2100,2100,2100,2100,2100,2350,2400,2400,2450,2400,2400,2400,2400,2400,2200,2200,2400,2460,2625,2650,2650,2600,2600
"Lone Mountain","Las Vegas","NV","Las Vegas","Clark",86,,,,,,,,,,,,,,,,1100,1100,1150,1100,1100,1100,1075,1075,1095,1050,1050,1095,1097.5,1100,1100,1100,1095,1075,1050,1050,1050,1050,1075,1100,1095,1122.5,1100,1100,1095,1095,1100,1100,1100,1100,1100,1100,1100,1150,1175,1175,1150,1150,1174,1150,1100,1150,1150,1195,1172.5,1150,1195,1195,1195,1195,1195,1195,1195,1195,1197.5,1200,1200,1200
"Summerlin North","Las Vegas","NV","Las Vegas","Clark",87,,,,,,,,,,,,,,,,1400,1350,1350,1395,1350,1350,1300,1350,1325,1350,1327.5,1295,1300,1350,1350,1350,1300,1295,1299.5,1300,1323,1350,1350,1377.5,1350,1350,1350,1350,1350,1350,1350,1362.5,1350,1350,1300,1350,1395,1395,1375,1362.5,1400,1395,1395,1397.5,1395,1450,1400,1450,1400,1400,1395,1439,1400,1400,1400,1400,1403,1450,1450,1495,1397.5,1500
"Bayside","New York","NY","New York","Queens",88,,,,,,,,,,,,,,,,,,,,,,,,,,,,,,,,,,,2100,2100,2200,2000,2000,2000,2100,2100,2000,2099.5,2200,2300,2300,2200,2200,2199.5,2200,2200,2200,2225,2300,2400,2400,2300,2300,2300,2300,2300,2275,2300,2300,2400,2400,2400,2400,2400,2400,2400,2400,2400,2400,2400,2400
"Gresham","Chicago","IL","Chicago","Cook",89,,,,,,,,,,,,,,,,,,,1050,1000,965,1000,1000,975,950,950,1000,1050,1050,1100,1100,1050,1000,975,1000,1030,1100,1100,1100,1100,1100,1050,1100,1100,1000,1025,1025,1100,1100,1100,1100,1100,1100,1100,1100,1100,1100,1100,1100,1100,1100,1150,1100,1100,1100,1150,1100,1150,1150,1150,1150,1150,1150,1150,1150,1150,1100
"Hamilton Heights","New York","NY","New York","New York",90,,,,,,,,,,,,,,2350,2350,2400,2450,2450,2400,2262.5,2400,2450,2450,2492.5,2400,2372.5,2397,2450,2395,2395,2450,2550,2550,2450,2450,2425,2495,2400,2500,2595,2700,2700,2700,2750,2750,2700,2650,2600,2500,2500,2595,2787.5,2800,2962.5,3000,2899,3000,3000,3000,3000,2812.5,2725,2699.5,2800,2982.5,2900,2975,3000,2990,2800,2797.5,2890,2995,2975,2975,2982.5,2975
"Woodlake - Briarmeadow","Houston","TX","Houston","Harris",91,,,,,,,,,,,,,,,,,,,,,,,,,,,,,,,,,,,,,,,,,,,,,,,,,1519,1459,1495,1487,1564,1625,1557,1600,1600,1600,1700,1737.5,1820,1750,1800,1750,1750,1800,1795,1695,1802.5,1944.5,1939,2000,1850,1800,1750,1839,1688
"Michael Way","Las Vegas","NV","Las Vegas","Clark",92,,,,,,,,,,,,,,,,,,962.5,962.5,995,950,950,950,925,925,900,995,1000,975,975,950,950,950,975,975,995,975,975,995,995,965,950,982.5,975,950,950,950,962.5,975,982.5,975,975,950,975,995,985,995,995,995,995,999,995,999,1000,995,1050,997.5,1050,1000,1050,1050,1000,1000,1000,1100,1150,1137.5
"Chelsea","New York","NY","New York","New York",93,,,,,,,,,,,,,,,,,,,,,,,4497.5,4495,4795,4797.5,4875,4850,4990,5000,5000,5000,5000,5000,5100,4970,4968,5077.5,5195,5270,5290,5295,5295,5297,5195,5300,5300,5000,5000,5250,5400,5495,5595,5500,5477,5500,5362,5500,5500,5425,5447.5,5095,5500,5747.5,5795,5800,5500,5700,5995,5795,5800,5800,5750,5800,5700,5800,5597.5
"Lake View","Chicago","IL","Chicago","Cook",94,,,,,,,,,,,,1900,1995,2050,2095,2095,2100,2100,2100,2100,2100,2100,1995,2100,2100,2200,2300,2250,2350,2250,2300,2400,2450,2450,2400,2395,2400,2250,2395,2500,2545,2500,2450,2450,2395,2350,2375,2495,2550,2572.5,2550,2560,2545,2450,2400,2450,2450,2500,2500,2427.5,2402.5,2375,2475,2595,2595,2550,2495,2462.5,2450,2400,2450,2595,2700,2650,2595,2585,2600
"Woodside","New York","NY","New York","Queens",95,,,,,,,,,,,,,,,,,,,,,,,,,,,,,,,,,,,,,,,,,,,,,,,,,,,,,,,,,,2550,2450,2450,2500,2450,2400,2400,2400,2450,2500,2500,2500,2500,2500,2500,2500,2500,2500,2500,2600
"Englewood","Chicago","IL","Chicago","Cook",96,,,,,,,,,,,,,,,,,,975,1000,1000,1000,1100,1100,1025,1100,1100,1100,1100,1100,1100,1100,1100,1100,1100,1099,1050,1100,1100,990,1000,990,1100,1050,1075,1050,1000,1000,1075,1050,1050,1050,1100,1050,1100,1000,1100,1100,1100,1100,1100,1100,1100,1100,1100,1100,1000,1100,1100,1100,1100,1100,1100,1100,1100,1050,1050,1100
"Woodland Hills","Los Angeles","CA","Los Angeles-Long Beach-Anaheim","Los Angeles",97,,,,,,,,,,,,,,2900,2700,2700,2500,2595,2597,2450,2500,2499.5,2397.5,2300,2625,2500,2475,2800,2655,2650,2650,2675,2545,2499,2673.5,2500,2412.5,2400,2615,2650,2697.5,2350,2487.5,2900,2925,2972.5,2999,2800,2795,2825,2800,2700,3000,3035,2947.5,3000,2925,2897.5,2852,2950,2984,2999.5,2925,2999.5,2950,3100,3000,3000,2975,3156.5,3200,3500,3235,3000,2995,3350,3350
"Greenville","Jersey City","NJ","New York","Hudson",98,,,,,,,,,,,,,,,,,,,,,,,,,,,,,,,,,,,,,,,,,,,,,,,,,,,,,,,,,,,,,,,,1450,1475,1400,1400,1495,1425,1400,1400,1400,1400,1400,1400,1500,1550
"Oak Lawn","Dallas","TX","Dallas-Fort Worth","Dallas",99,,,,,,,,,,,,,,,,,,,,,,,,2930.5,2961,2933,2884,2955,2600,2734,2700,2736,2999,3000,2876.5,2707,2815,2815,2815,2902,3005,3000,3122,2933,2640,2640,2645,2899,2905,2958.5,2957,2976,3167.5,3130,3399,3650,3399,3456,3150,3139.5,3200,3330,3100,3250,3300,3150,3195,3419,3099,3267.5,3300,3390,3466.5,3490,3301.5,2972.5,3137
"Greater Uptown","Houston","TX","Houston","Harris",100,,,,,,,,,,,,,,,,,,,,,,,,,,,,,,,,,,,,,,,,,,,,,,,,,,,,,,2750,2800,2861,2500,2500,2750,2400,2350,2500,2530,2530,2500,2697.5,2750,2550,2578,2578,2597,2597,2500,2444.5,2495,2419,2450
"Mid City West","Los Angeles","CA","Los Angeles-Long Beach-Anaheim","Los Angeles",101,,,,,,,,,,,,,,,,,,,,,,,,,,,,,,,,,,,,,,,,,,,,,,,,,,,,,,,,,,,,,,,5252,5300,5349.5,4700,5395,4950,5495,5250,4995,4882,4732,4841,4732,4732,4732
"Memorial","Houston","TX","Houston","Harris",102,,,,,,,,,,,,,,,,,,,,,,,,,,,,,,,,,,,,,,,,,,,,,,,,,,,,,,,,,,,,,,2000,2050,2212.5,2245,2235,2100,2000,2130,2272,2250,2247.5,2317.5,2500,2225,2250,2240
"Greenwich Village","New York","NY","New York","New York",103,,,,,,,,,,,,,,,,5600,5299,5200,5000,5092.5,5190,5150,5425,5450,5150,4995,4995,4995,4995,4990,4995,4895,5000,5500,5297.5,5350,5400,5295,5295,5395,5295,5250,5200,5200,5600,5195,5495,5750,5750,5750,5750,5675,5995,5647.5,5400,5133,5000,5000,5000,5500,5495,6450,6000,6000,6000,5750,5395,5650,6000,5000,5474.5,6150,5500,6300,6247.5,5897.5,5600
"Salem","Virginia Beach","VA","Virginia Beach","Virginia Beach City",104,,,,,,,,,,,,,,,1375,1400,1450,1395,1395,1397.5,1395,1410,1395,1425,1450,1450,1425,1495,1400,1450,1450,1450,1425,1425,1450,1425,1400,1395,1437.5,1395,1400,1400,1400,1435,1397.5,1395,1400,1445,1450,1450,1395,1400,1400,1400,1425,1450,1450,1397,1390,1400,1397.5,1395,1395,1450,1450,1395,1400,1400,1450,1410,1487.5,1462.5,1462.5,1495,1420,1450,1400
"Carmel Valley","San Diego","CA","San Diego","San Diego",105,,,,,,,,,,,,,,,,,,,,,,,,,,,,,,,,,,,,,,,,,,,,,,2795,2800,2795,2900,2995,2907.5,2975,2977.5,2995,3015,2985,2995,3000,2955,2845,2835,2900,2950,3000,3040,3170,3085,2905,3000,3000,3150,3257.5,3200,3197.5,3195,3200,3150
"Oak Forest - Garden Oaks","Houston","TX","Houston","Harris",106,,,,,,,,,,,,,,,,,,,,,,,,,,,,,,,,,,,,,,,,,,,,,,,,,,,,1950,1900,1850,1800,1799,1760,1755,1750,1760,1760,1796.5,1795,1798,1799,1879,1837.5,1777.5,1675,1798.5,1800,1800,1798,1775,1755,1862.5,1850
"Rego Park","New York","NY","New York","Queens",107,,,,,,,,,,,,,,,,,,,,,,,,,,,,,,,,,,,2400,2500,2500,2487.5,2500,2700,2675,2625,2800,2650,2800,2800,2800,2700,2650,2600,2625,2800,2650,2875,3000,3000,2900,2900,2995,2850,2985,2937.5,2950,2950,2895,2975,3000,3197,3000,3100,2995,2975,2975,2700,2912.5,2925,3000
"Parkway Village-Oakhaven","Memphis","TN","Memphis","Shelby",108,,,,,,,,,,,,,,,,,,,,,,,,,,,,,,,,,,,825,800,812.5,812.5,795,795,825,825,825,825,795,800,825,850,850,850,850,825,827,850,825,850,850,825,850,849,805,800,795,825,825,825,832,800,795,795,795,800,820,850,862.5,850,850
"East Boston","Boston","MA","Boston","Suffolk",109,,,,,,,,,,,,,,,,,,,,,,,,,,,,,,,,,,,,1650,1650,1700,1900,2060,2030,2200,2350,2350,2200,2100,2000,2000,2000,2000,2040,2200,2200,2175,2100,2100,2100,2100,2100,2200,2250,2350,2300,2300,2300,2300,2250,2225,2300,2300,2250,2350,2400,2400,2300,2350,2350
"Coral Way","Miami","FL","Miami-Fort Lauderdale","Miami-Dade",110,,,,,,,,,,,,,,,,,,,,,,,,,,,,,,,,,,,,,,,,,,,,,,,,,,,,,,,,,,,,,,,,3000,3200,2800,2950,3200,2950,3000,3000,3150,3200,3325,3412,3462,3423
"Ocean Hill","New York","NY","New York","Kings",111,,,,,,,,,,,,,,,,,,,,,,,,,,,,1700,1675,1700,1700,1700,1832,2000,1825,1750,1750,1750,1700,1750,1850,1992,1900,2000,2097.5,2000,2000,1975,1991,1991,1991,2000,2100,2095,2197,2200,2150,2150,2200,2100,2100,2100,2099,2200,2200,2300,2300,2300,2300,2250,2250,2250,2350,2400,2470,2350,2300
"Greater Heights","Houston","TX","Houston","Harris",112,,,,,,,,,,,,,,,,,,,,,,,,,,,,,,,,,,2239,2200,2450,2395,2318.5,2400,2395,2350,2450,2800,2500,2400,2395,2625,2395,2425,2500,2500,2800,2800,2725,2625,2500,2572.5,2599,2697.5,2700,2700,2850,2853,2750,2750,2650,2547.5,2800,2700,2600,2700,2622.5,2650,2625,2600,2600,2600
"Briarforest Area","Houston","TX","Houston","Harris",113,,,,,,,,,,,,,,,,,,,,,,,,,,,,,,,,,,,,,,,,,,,,,,,,,,,,,,,,1725,1672.5,1800,1800,1700,1650,1700,1710,1750,1900,1987.5,1875,1875,1979.5,2000,1939.5,1850,1850,1897.5,1885,1700,1750
"South Shore","Chicago","IL","Chicago","Cook",114,,,,,,,,,,,,,,,,1150,1185,1150,1125,1150,1095,1095,1100,1200,1150,1150,1150,1100,1100,1100,1150,1100,1000,1030,1050,1058,1150,1100,1100,1050,1030,1050,1072.5,1080,1075,1080,1050,1100,1100,1100,1100,1100,1100,1100,1100,1100,1100,1100,1100,1150,1100,1100,1100,1100,1150,1100,1104.5,1150,1150,1150,1150,1150,1150,1200,1200,1139,1100
"Jamaica Plain","Boston","MA","Boston","Suffolk",115,,,,,,,,,,,,,,,,,,,,,,,2225,2400,2075,2050,2200,2200,2400,2300,2350,2500,2500,2400,2500,2500,2400,2400,2400,2450,2500,2550,2500,2500,2400,2395,2400,2500,2500,2500,2550,2600,2600,2650,2595,2500,2500,2500,2575,2800,2750,2700,2700,2775,2750,2700,2650,2600,2512.5,2500,2600,2700,2795,2800,2800,2800,2800
"River Oaks-Kirby-Balmoral","Memphis","TN","Memphis","Shelby",116,,,,,,,,,,,,,,,,,,,,,,,,,,,,,,,,,,,,,,,,,,,,,,,,,,,,,,,995,995,995,995,995,1095,1097.5,1150,1195,1100,1095,1075,1097.5,1200,1236,1197.5,1197.5,1195,1172.5,1195,1195,1150,1095
"Brighton","Boston","MA","Boston","Suffolk",117,,,,,,,,,,,,,2050,2175,2172.5,2150,2100,2125,2137.5,2250,2262.5,2250,2225,2250,2200,2300,2300,2300,2300,2300,2300,2350,2350,2392,2400,2400,2400,2400,2400,2400,2400,2400,2400,2400,2449,2500,2475,2495,2500,2525,2550,2550,2550,2550,2500,2500,2475,2500,2500,2500,2500,2545,2550,2550,2595,2595,2500,2500,2500,2500,2500,2600,2650,2700,2670,2700,2700
"Dyker Heights","New York","NY","New York","Kings",118,,,,,,,,,,,,,,,,,,,,,,,,,,,,,,,,,,,,,,,,,,2000,2100,2000,2000,2000,2100,2050,2000,2000,1900,2000,2075,2100,2200,2100,2200,2200,2200,2200,2200,2100,2200,2200,2200,2200,2200,2300,2200,2200,2200,2200,2200,2200,2200,2200,2200
"Bayside","Virginia Beach","VA","Virginia Beach","Virginia Beach City",119,,,,,,,,,,,,1200,1229.5,1295,1295,1350,1450,1422.5,1399,1399,1350,1350,1272.5,1272.5,1350,1300,1300,1325,1399.5,1350,1295,1297.5,1250,1250,1250,1300,1295,1300,1295,1300,1470,1397.5,1350,1312.5,1300,1295,1295,1240,1250,1275,1295,1300,1372.5,1425,1395,1362.5,1350,1377.5,1375,1350,1299,1297.5,1312.5,1450,1400,1375,1395,1367.5,1300,1295,1324.5,1295,1275,1295,1325,1400,1400
"Humboldt Park","Chicago","IL","Chicago","Cook",120,,,,,,,,,,,,,,,,,,,,,,,,,,,,,,,,,,,,,,,,,,,,,,,,,,,,,,,,,,,,,,,,1650,1600,1575,1700,1695,1675,1650,1550,1500,1550,1725,1800,1885,1750
"Powers","Colorado Springs","CO","Colorado Springs","El Paso",121,,,,,,,,,,,,,,,,1250,1212.5,1195,1195,1250,1200,1195,1212.5,1200,1195,1200,1212.5,1285,1262.5,1250,1250,1250,1250,1200,1199,1200,1250,1262.5,1262.5,1295,1295,1250,1295,1295,1295,1255,1250,1250,1250,1250,1250,1295,1300,1300,1300,1300,1299.5,1295,1300,1340,1300,1325,1350,1350,1350,1350,1395,1400,1362.5,1395,1350,1350,1350,1400,1395,1400,1400
"North Cheyenne","Las Vegas","NV","Las Vegas","Clark",122,,,,,,,,,,,,,,,,,1072.5,1050,1050,1050,1050,1000,1050,1050,999.5,995,1022.5,1047.5,1000,1000,1000,1000,1042.5,1075,1075,1100,1100,1100,1100,1085,1050,1095,1095,1095,1095,1050,1050,1050,1057.5,1050,1050,1095,1100,1100,1095,1095,1097.5,1100,1100,1095,1095,1095,1095,1172.5,1150,1125,1125,1150,1162.5,1147.5,1150,1195,1195,1165,1150,1149,1100
"Lake View East","Chicago","IL","Chicago","Cook",123,,,,,,,,,,,,2545,2550,2450,2475,2475,2475,2450,2500,2520,2550,2700,2500,2600,2520,2540,2500,2700,2600,2500,2795,2850,2850,2850,2850,2850,2850,2750,2850,2697.5,2600,2600,2600,2595,2595,2535,2700,2550,2400,2395,2395,2572.5,2597.5,2495,2495,2500,2447.5,2472.5,2500,2525,2550,2395,2575,2772.5,2672.5,2700,2550,2525,2500,2600,2600,2600,2738,2700,2744,2800,2750
"South Boston","Boston","MA","Boston","Suffolk",124,,,,,,,,,,,,,,,,,,,,,,,,,,,,3100,3000,3200,3300,3250,3100,3100,3015,3030,3000,3200,3005,3275,3300,3300,3300,3200,3300,3200,3300,3300,3300,3300,3300,3300,3300,3400,3300,3200,3000,3000,3000,3100,3200,3400,3300,3300,3300,3300,3375,3400,3290,3200,3295,3400,3500,3400,3400,3500,3500
"Shelby Forest-Frayser","Memphis","TN","Memphis","Shelby",125,,,,,,,,,,,,,,,,,,,,,,,,,,,,,,,,,,,675,650,675,695,695,695,695,675,675,675,650,650,650,650,675,675,675,675,675,675,675,675,675,652.5,665,650,650,650,650,650,650,650,650,650,650,650,650,650,650,650,675,675,675
"Whitestone","New York","NY","New York","Queens",126,,,,,,,,,,,,,,,,,,,,,,,,,,,,,,,,,,,,,,,,,,,,,1900,2000,2100,2175,2000,2100,2100,2100,2100,2100,2200,2300,2200,2200,2200,2200,2150,2200,2300,2300,2300,2300,2300,2300,2325,2300,2275,2300,2300,2300,2300,2300,2300
"Fort Greene","New York","NY","New York","Kings",127,,,,,,,,,,,,,,,,,,,,,,,,,,,,,,,,,,,,,,,4200,4000,3475,3550,3450,3500,3450,3950,3772.5,3597.5,3646,3575,3595,3750,3885,4125,3995,4650,4500,4484,3980,3850,4275,4000,4080,4200,3995,3995,3995,3900,3685,3662.5,3800,3975,3995,3995,4000,4155.5,4500
"Whitney","Las Vegas","NV","Las Vegas","Clark",128,,,,,,,,,,,,,,,,1095,1090,1050,1050,1050,1035,995,995,1000,995,995,1000,1000,1000,999,995,995,995,980.5,995,977.5,995,1000,1000,1000,995,1000,1000,1000,995,995,995,1000,995,997,995,1000,1000,999.5,1050,1050,1000,999.5,1000,1017,1000,1000,1000,1050,1075,1100,1095,1050,1050,1000,1012.5,1050,1095,1100,1095,1125,1125
"Greenwood","New York","NY","New York","Kings",129,,,,,,,,,,,,,,,,,,,,,,,,,2200,2200,2400,2575,2675,2650,2600,2350,2200,2500,2400,2650,2750,2600,2600,2500,2474.5,2400,2500,2800,2700,2500,2500,2500,2500,2500,2700,2750,2750,2650,2650,2700,2750,2750,2750,2750,2700,2600,2750,2850,2900,3000,3000,3000,3000,3000,2950,2700,2675,2700,2800,3000,3000
"Venice","Los Angeles","CA","Los Angeles-Long Beach-Anaheim","Los Angeles",130,,,,,,,,,,,,,,,,,,,,,,,,,,,,,,,,,,,,,,,,,,,,,,,,,,,5800,5500,5650,5985,6000,5500,5850,5500,5975,6500,5975,6187.5,6400,5987.5,5940,6000,6500,6497.5,5989,5920,5850,6550,7350,7900,6847.5,7595,7500
"Greenpoint","New York","NY","New York","Kings",131,,,,,,,,,,,,,,,,,,,,,,,,,,,,,,,,,3200,2900,3175,3200,3300,3300,3300,3300,3300,3425,3400,3400,3400,3400,3400,3300,3300,3400,3400,3450,3500,3500,3500,3466.5,3300,3150,3150,3150,3000,3300,3400,3400,3400,3400,3537.5,3697.5,3799,3562.5,3598.5,3597,3500,3650,3650,3600,3600
"Roslindale","Boston","MA","Boston","Suffolk",132,,,,,,,,,,,,,,,,,,,,,,,,,,,,1900,1850,1850,2100,2175,2000,2000,2000,1900,1900,1925,2100,2100,2150,2125,2300,2000,2000,2300,2250,2250,2250,2250,2250,2200,2250,2250,2100,2100,2025,2000,2000,2195,2200,2200,2297.5,2295,2200,2200,2175,2150,2150,2275,2200,2191.5,2200,2300,2300,2300,2325
"Summerlin South","Las Vegas","NV","Las Vegas","Clark",133,,,,,,,,,,,,,,,,1567.5,1595,1500,1567.5,1595,1600,1600,1500,1400,1400,1495,1495,1500,1500,1500,1450,1450,1395,1497.5,1450,1497.5,1425,1495,1497.5,1495,1495,1525,1500,1550,1487.5,1500,1550,1550,1595,1595,1550,1500,1500,1550,1520,1550,1550,1600,1650,1500,1495,1500,1695,1672.5,1775,1650,1600,1600,1550,1600,1600,1700,1672.5,1697.5,1772.5,1600,1650
"Glendale","New York","NY","New York","Queens",134,,,,,,,,,,,,,,,,,,,,,,,,,,,,,,,,,,,,,,,,,,,,,,,,,,,,,,,,,,,,2000,2300,2200,2050,2050,2195,2195,2150,2200,2150,2000,2100,2100,2200,2250,2300,2250,2345
"Prospect Lefferts Gardens","New York","NY","New York","Kings",135,,,,,,,,,,,,,,,,,,,,,,,,,,,,,,,,,,,,,,,,2500,2499,2497,2500,2400,2399.5,2275,2200,2200,2250,2240,2399,2499,2300,2300,2200,2400,2400,2575,2600,2700,2800,2600,2650,2800,2999,2799,2725,2999.5,2650,2650,2600,2600,2600,2500,2495,2599,2672.5
"Mears Corner","Virginia Beach","VA","Virginia Beach","Virginia Beach City",136,,,,,,,,,,,,,,,,,,,,,,,,,,,,1485,1450,1495,1450,1495,1400,1372.5,1465,1480,1477.5,1465,1465,1400,1450,1495,1495,1400,1395,1395,1400,1425,1475,1462.5,1437.5,1450,1450,1450,1412.5,1475,1475,1495,1475,1495,1495,1495,1495,1450,1450,1400,1447.5,1350,1350,1435,1395,1495,1460,1495,1529,1499.5,1495
"Bronzeville","Chicago","IL","Chicago","Cook",137,,,,,,,,,,,,,,,,,,,,,,,,1500,1500,1550,1600,1500,1550,1585,1650,1600,1450,1487.5,1500,1462.5,1550,1550,1495,1500,1450,1450,1400,1397.5,1512.5,1565,1595,1500,1503,1500,1500,1585,1585,1550,1550,1512.5,1500,1500,1445,1500,1522.5,1500,1500,1500,1500,1595,1500,1500,1487.5,1500,1500,1397.5,1500,1500,1500,1450,1675
"Fort Hamilton","New York","NY","New York","Kings",138,,,,,,,,,,,,,,,,,,,,,,,,,,,,,,,,,,,,,,,,,,,,,,,,,,,,,,,2599,2500,2500,2400,2400,2300,2425,2500,2375,2500,2500,2600,2725,2675,2500,2600,2650,2600,2600,2500,2500,2500,2650
"South End","Boston","MA","Boston","Suffolk",139,,,,,,,,,,,,,,,,,,,,,,,,2975,3200,3295,3100,3150,3200,3200,3550,3350,3450,3400,3200,3200,3300,3375,3595,3487.5,3700,3800,3800,3625,3300,3707,3450,3600,3500,3500,3575,3590,3600,3590,3500,3500,3500,3500,3500,3600,3850,3850,3900,3950,3899.5,3950,3950,3900,3800,3950,3850,3850,4000,4000,4000,3950,3850
"Clinton","New York","NY","New York","New York",140,,,,,,,,,,,,,,,,,,,,,,,,,,,,,,,,,,,,,,,,,,,,,,,,,,,,,,,,,,,,,,,,5300,4997.5,4800,4945,4550,4600,4500,4495,4500,4800,5472.5,5100,5000,4925
"Neartown - Montrose","Houston","TX","Houston","Harris",141,,,,,,,,,,,,,,,,,,,,,,,,,,,,,,,,,,,,,,,,,,,,,,,,,,,,,3400,3250,3175,3175,3250,2800,2825,3000,3100,2975,3200,3200,3250,3450,3350,3425,3272.5,2900,2950,2800,3200,3200,3250,3300,3395
"Roxborough","Philadelphia","PA","Philadelphia","Philadelphia",142,,,,,,,,,,,,,,,,,,,,,,,,,,1500,1550,1500,1500,1475,1425,1387.5,1460,1399,1450,1475,1450,1495,1500,1600,1500,1525,1500,1475,1500,1500,1550,1512.5,1500,1500,1500,1600,1600,1550,1500,1500,1500,1500,1500,1500,1500,1525,1600,1600,1600,1600,1600,1562.5,1500,1500,1500,1500,1570,1600,1637.5,1600,1600
"Capitol Hill","Washington","DC","Washington","District of Columbia",143,,,,,,,,,,,,,,,,,,,,,,,,,,,,,,,,,,,,,,,,,,,,,,,,,,,,,,,,,,,,,,,,,,3700,3450,3472.5,3200,3150,3000,2987.5,2750,2800,3212.5,3400,3437.5
"The Lakes","Las Vegas","NV","Las Vegas","Clark",144,,,,,,,,,,,,,,,,,,,1395,1350,1382.5,1425,1350,1200,1297.5,1300,1295,1350,1300,1300,1295,1300,1300,1300,1300,1350,1300,1295,1295,1372.5,1300,1337.5,1295,1300,1300,1250,1300,1350,1350,1350,1350,1450,1450,1500,1437.5,1400,1400,1395,1350,1350,1395,1599.5,1500,1500,1478.5,1462,1495,1422.5,1395,1400,1400,1400,1377,1350,1350,1352.5,1410
"Financial District","New York","NY","New York","New York",145,,,,,,,,,,,,,,,,,,,,,,,,,,,,,,,,,,,,,,,,,,,,,,,,,,,,,,,,,,,,,,,,,4547.5,4500,5195,5795,5587.5,5500,5500,5830,6000,6272.5,5995,5795,5500
"La Jolla","San Diego","CA","San Diego","San Diego",146,,,,,,,,,,,,,,,,,,,,,,,,,,,,,,,,,,,,,,,,,,,,,,,,,,,,,,,,,,,,,,,,,5225,5500,5000,5000,4950,5000,5000,5000,5137.5,4997.5,4985,4975,5200
"Flatiron District","New York","NY","New York","New York",147,,,,,,,,,,,,,,,,,,,,,,,,,,,,,,,,,,,,,,,,,,,,,,,,,,,,,,,,6300,5597.5,5500,5700,5800,5692.5,5645,5690,5600,6200,5600,5595,5600,5595,5500,5500,5995,5672.5,6112.5,5800,5672.5,5475
"North Dorchester","Boston","MA","Boston","Suffolk",148,,,,,,,,,,,,,,,,,,,,,,,,,,,1750,1800,1800,1800,2100,2000,1900,1900,1800,1750,1875,2025,2062.5,2200,2100,2100,2325,2300,2100,2100,2100,2100,2200,2250,2300,2300,2300,2250,2200,2150,2100,2100,2000,2000,2200,2250,2400,2400,2400,2325,2400,2250,2200,2225,2275,2475,2500,2475,2400,2500,2412.5
"South Chicago","Chicago","IL","Chicago","Cook",149,,,,,,,,,,,,,,,,,,,,,,,,,,,1000,1100,1000,1100,1100,1100,990,990,995,990,990,1000,1000,1000,1075,1087.5,1075,1100,1050,1037.5,994.5,1050,1025,1000,1000,995,995,990,980,990,1000,1000,1000,1000,1050,1000,1075,1100,1100,1050,1100,1100,1100,1050,1037.5,1100,1100,1100,1100,1100,1150
"Ravenswood","Chicago","IL","Chicago","Cook",150,,,,,,,,,,,,,,,,,,,,,,,,,,,,,1700,1795,1695,1747.5,1625,1600,1697.5,1795,1900,1900,1900,1800,1897.5,1972.5,1995,2297.5,2295,2250,2250,2295,2295,2295,2295,2025,2100,2000,1900,1997.5,1887.5,1808,1808,1885,1972.5,1797.5,1975,1995,1997.5,1900,1950,2150,1900,1827.5,1837.5,1925,1925,2100,2100,2200,1995
"Washington Avenue Coalition - Memorial Park","Houston","TX","Houston","Harris",151,,,,,,,,,,,,,,,,,,,,2250,2300,2262.5,2300,2350,2400,2400,2500,2502.5,2600,2700,2700,2559.5,2520,2500,2500,2600,2667.5,2750,2750,2800,2850,2825,2850,2900,2850,2850,2850,2775,2810,2904,2995,2997.5,3125,3000,3100,3150,2996.5,2987.5,2950,3000,3000,2950,2957.5,3000,3000,3100,3000,2995,2900,2900,2972.5,2900,2929,2900,2950,2899.5,2900
"Las Tierras","El Paso","TX","El Paso","El Paso",152,,,,,,,,,,,,,,,,,,,,,,,,,,1225,1200,1100,1197.5,1197.5,1175,1100,1075,1050,1000,1000,997.5,995,999,1000,1100,1100,1100,1150,1100,1097.5,1100,1062.5,1000,1000,1050,1100,1100,1125,1125,1100,1050,1050,1050,1082.5,1100,1100,1100,1095,1050,1097.5,1095,1050,1050,1050,1100,1095,1100,1070,1095,1037.5,1095
"Woodbridge","Irvine","CA","Los Angeles-Long Beach-Anaheim","Orange",153,,,,,,,,,,,,,,,,,,,,,,,,,,,,,2675,2675,2650,2600,2400,2400,2500,2500,2500,2395,2300,2500,2522.5,2447.5,2450,2597.5,2650,2500,2700,2700,2680,2700,2700,2680,2650,2700,2750,2750,2750,2700,2700,2700,2700,2800,2600,2612.5,2595,2580,2670,2800,2850,2800,2800,2700,2700,2650,2750,2800,2850
"West Town","Chicago","IL","Chicago","Cook",154,,,,,,,,,,,,,,,,,,,,,,,,,,,,,,,,,,,,,,,,,,,,,,,,,,,,,,,,,,,,,,,,2695,2400,2575,2650,2500,2400,2500,2625,2675,2500,2600,2500,2650,2550
"Allston","Boston","MA","Boston","Suffolk",155,,,,,,,,,,,,,2150,2200,2200,2200,2200,2100,2150,2100,2100,2100,2250,2375,2300,2300,2300,2350,2325,2325,2325,2325,2300,2300,2350,2400,2450,2400,2400,2400,2400,2400,2400,2400,2400,2400,2400,2500,2600,2600,2600,2600,2525,2500,2500,2500,2500,2499,2500,2600,2600,2600,2600,2600,2625,2625,2550,2500,2500,2600,2600,2700,2700,2700,2700,2700,2700
"Fenway","Boston","MA","Boston","Suffolk",156,,,,,,,,,,,,,,,,,,,,,,,,,,,,,,,,,,,,3700,3750,3795,3600,3500,3400,3570,3600,3650,3560,3300,3570,3950,3900,3900,4000,3900,3900,3900,3800,3800,3700,3600,3775,3900,4000,4000,3925,3900,3800,3800,3700,3600,3600,3600,3800,4000,4000,4000,4000,3900,4000
"Brickell","Miami","FL","Miami-Fort Lauderdale","Miami-Dade",157,,,,,,,,,,,,4450,4300,4200,3600,3400,3300,3500,3500,3500,3500,3500,3500,3700,3800,3700,3570,3700,3695,3695,3600,3700,3700,3700,3975,3900,3999.5,4250,3950,4100,4025,3900,4000,4000,4000,4000,4000,3950,3950,4062.5,4050,4050,4000,3875,4050,4100,3825,4040,4313,4275.5,4450,4625,4500,4550,4650,4550,4300,4300,4300,4300,4300,4400,4200,4200,4100,3850,4000
"North Central","Philadelphia","PA","Philadelphia","Philadelphia",158,,,,,,,,,,,,,,,,,,,,,,,,1537.5,1650,1545,1650,1650,1575,1500,1500,1575,1650,1650,1700,1650,1695,1650,1650,1650,1575,1500,1500,1460,1435,1500,1650,1650,1650,1650,1650,1650,1500,1500,1500,1500,1575,1575,1575,1650,1650,1650,1650,1650,1650,1575,1575,1575,1650,1725,1725,1650,1725,1725,1650,1770,1650
"Point Breeze","Philadelphia","PA","Philadelphia","Philadelphia",159,,,,,,,,,,,,,,,,,,,,,,,,,,,,,,,,,,,,,,,,,,,,,,1125,1200,1117.5,1100,1150,1200,1225,1300,1350,1197.5,1050,1050,1100,1150,1200,1200,1250,1295,1300,1375,1362.5,1350,1300,1200,1125,1150,1150,1250,1275,1300,1400,1475
"West Park","Irvine","CA","Los Angeles-Long Beach-Anaheim","Orange",160,,,,,,,,,,,,,,,,,,,,,,,,,,,,,,,,,,,,,,,,,,,,,,2712.5,2625,2650,2650,2617.5,2605,2700,2850,2900,2800,2800,2735,2695,2675,2675,2650,2750,2750,2750,2950,2922.5,2800,2825,2832.5,2832.5,2825,2850,2785,2775,2775,2860,2790
"Anthem","Henderson","NV","Las Vegas","Clark",161,,,,,,,,,,,,,,,,,1400,1375,1350,1350,1375,1395,1495,1400,1395,1350,1350,1350,1395,1472.5,1397.5,1375,1375,1400,1400,1450,1497.5,1500,1495,1425,1395,1400,1385,1400,1425,1425,1395,1350,1375,1350,1395,1495,1650,1750,1685,1595,1550,1550,1400,1495,1590,1650,1850,1950,1950,1745,1785,1700,1550,1647.5,1650,1600,1695,1550,1650,1695,1599
"Northwood","Irvine","CA","Los Angeles-Long Beach-Anaheim","Orange",162,,,,,,,,,,,,,,,,,,,,,,,,,,,,,,,,,,,2600,2665,2700,2750,2597.5,2650,2700,2800,2700,2700,2750,2750,2697.5,2750,2700,2700,2750,2750,2735,2795,2750,2700,2700,2847.5,2800,2800,2850,2825,2900,2800,2800,3000,2950,2900,2750,2750,2750,2800,2899.5,2655,2762.5,2650,2800
"Back Bay","Boston","MA","Boston","Suffolk",163,,,,,,,,,,,,,,,,,,,,,,,,,,,,,,,,,,,,,,,,,,,,,,,,,,,,,,,,,,,4950,5600,5550,5500,5500,5600,5000,4900,5000,4800,4800,4800,4875,5050,5500,5500,5774.5,5900,5869
"Columbus Circle","New York","NY","New York","New York",164,,,,,,,,,,,,,,,,,,,,,,,,,,4495,4350,4547.5,4500,4495,4300,4447.5,4572.5,4500,4400,4450,4500,4500,4500,4500,4595,4650,4600,4595,4697.5,4500,4500,4495,4495,4495,4495,4495,4800,4600,4600,4600,4600,4695,4600,4525,4495,4497.5,4800,4875,4900,4992.5,4725,4800,4945,4950,4795,4722.5,4597.5,4600,4595,4597.5,4775
"Uptown","Chicago","IL","Chicago","Cook",165,,,,,,,,,,,,,,,,,,,,,,,,,,,,,,,,,,,,,,,,,,,,,,,,,,,,,,,,,,,,,,1750,1997.5,2025,2225,2012.5,2250,2010,1795,1950,1995,2075,1995,2200,2250,2295,2295
"Sutton Place","New York","NY","New York","New York",165,,,,,,,,,,,,,,,,,,,,,,,,,,,,,,,,,,,,,,,,,,,,,,,,,,,,,,,7722.5,7567.5,7480,7740,7690,7695,7395,7495,7275,7690,7450,8000,8120,8300,8070,7571,7970,7600,7800,7900,7897.5,7035,7975
"Lower Peters Canyon","Irvine","CA","Los Angeles-Long Beach-Anaheim","Orange",167,,,,,,,,,,,,,,,,,,,,,,,,,,,,,,,,,,,,,,,,,,,,,,,,,,,,,,,,,2850,2815,2832.5,2845,2900,2947.5,3000,3012.5,2995,2980,3070,2950,2920,2955,3000,3055,3100,3100,2925,2955,2950
"Wingate","New York","NY","New York","Kings",168,,,,,,,,,,,,,,,,,,,,,,,,,,,,,,,,,,,,,,,,,,,,,,,,,,,,,,,,,,,,,,,,,2700,2575,2500,2575,2500,2400,2400,2500,2500,2395,2487.5,2600,2599
"Bucktown","Chicago","IL","Chicago","Cook",169,,,,,,,,,,,,,,,,,2400,2400,2375,2200,2100,1995,2100,2350,2400,2500,2495,2495,2495,2600,2550,2500,2500,2450,2500,2500,2700,2400,2495,2495,2600,2750,2600,2495,2597.5,2225,2495,2672.5,2695,2600,2500,2700,2700,2600,2595,2600,2495,2400,2499,2635,2637.5,2400,2650,2595,2650,2800,2800,2650,2750,2775,2850,2900,2900,2717.5,2747.5,2825,2800
"Gowanus","New York","NY","New York","Kings",170,,,,,,,,,,,,,,,,,,,,,,,,,,,,,,,,,,,,,,,,,,,,,,,,,,,,,,,,,,,,,,3750,3500,3799.5,3795,3700,3700,3700,4225,3995,3995,3900,3900,3500,3350,3500,3350
"Streeterville","Chicago","IL","Chicago","Cook",171,,,,,,,,,,,,,,,,,,,,,,4482,4337,4300,4207,4222,4364,4500,4455,4455,4395,4500,4695,4695,4655,4425,4195,4577.5,4655,4655,4655,4400,4250,4522,4500,4749.5,4621,4621,4575,4575,4675,4506.5,4504,4621,4622,4600,4164,4850,4640,4425,5145,5381,5356,5046,5018,5038,5072.5,5083,5080,5069.5,4732.5,4727,4742,4725,4955,4655,5000
"Hollywood Hills","Hollywood","FL","Miami-Fort Lauderdale","Broward",172,,,,,,,,,,,,,,,,,,1850,1875,1800,1800,1825,1895,1900,1850,1950,1995,1950,1950,1990,1900,1812.5,1900,1900,1992.5,1900,1725,1750,1950,2000,2100,2000,2000,2095,2125,2200,2200,2100,2100,2100,2085,1999,1850,1900,1995,2000,2000,2000,2062.5,2100,2000,2000,2100,2000,2049.5,2200,2200,2100,2200,2200,2200,2225,2225,2200,2200,2250,2225
"Prospect Heights","New York","NY","New York","Kings",173,,,,,,,,,,,,,,,,,,,,,,,,,,,,,,,,,,,,,,,,,,,,,,,,,,,,,3800,3650,3650,3600,3600,3675,3650,3980,3987.5,3850,3600,3863,4000,3999.5,4200,4000,4200,4100,4000,3700,3700,3595,3750,3600,3597.5
"Turtle Bay","New York","NY","New York","New York",174,,,,,,,,,,,,,,,,,,,,,,,,4600,4400,4395,4200,4200,4497,4500,4400,4500,4500,4500,4400,4495,4500,4500,4500,4497.5,4500,4500,4650,4647.5,4695,4600,4500,4550,4600,4599.5,4595,4500,4600,5000,5300,5300,5300,5400,5200,5000,5000,5000,5000,5000,5000,5300,5300,5350,5697.5,5995,5914,5484,5390,5128,5475,5000,5000
"Charlestown","Boston","MA","Boston","Suffolk",175,,,,,,,,,,,,,,,,,,,,,,,,,,,,,,,,,,,,,,,,,,,,,,,,,,,,,,,,,,,,,3300,3600,3550,3400,3400,3400,3900,3900,3900,3750,3450,3250,3125,3250,3600,4050,3625
"Beach Haven","Jacksonville","FL","Jacksonville","Duval",176,,,,,,,,,,,,,,,,,,,,,,,,,,,,,,,,,,,,,,,,,,,,,1300,1300,1267.5,1285,1250,1250,1250,1250,1300,1295,1325,1400,1400,1325,1325,1300,1300,1300,1332,1339,1478.5,1388,1350,1350,1400,1325,1350,1350,1400,1412,1445,1429,1395
"Metro West","Orlando","FL","Orlando","Orange",177,,,,,,,,,,,,,,,1100,1162.5,1200,1200,1249,1200,1180,1195,1195,1195,1250,1257.5,1250,1300,1249,1300,1272.5,1320,1270,1299,1249.5,1260,1210,1218,1249.5,1265,1295,1275,1200,1200,1200,1250,1250,1295,1267.5,1250,1275,1250,1200,1222,1222,1200,1247,1295,1300,1300,1337.5,1385,1350,1325,1395,1405,1452.5,1400,1400,1407.5,1400,1395,1400,1400,1400,1400,1412.5
"Kenmore","Boston","MA","Boston","Suffolk",178,,,,,,,,,,,,,,,,,,,,,,,,2820,3122.5,3180,3200,3300,3200,3300,3400,3400,3300,3400,3300,3300,3272.5,3300,3300,3500,3600,3600,3500,3400,3450,3575,3400,3300,3300,3390,3372.5,3300,3400,3500,3500,3400,3285,3610,3610,3512.5,3600,3600,3500,3400,3395,3400,3400,3395,3395,3547.5,3500,3600,3650,3600,3600,3595,3500
"Park Manor","Chicago","IL","Chicago","Cook",179,,,,,,,,,,,,,,,,,,,,,,,,,,,,,,,,,,,,,,,,,,,,,,,,1100,1100,1100,1100,1100,1000,1075,1100,1100,1100,1075,1050,1100,1100,1125,1139,1150,1125,1150,1100,1100,1150,1150,1150,1150,1150,1150,1150,1150,1150
"Battery Park","New York","NY","New York","New York",180,,,,,,,,,,,,,,,,,,,,,,,,,,,,,,,,,,,,,,,,,,,,,,,,,,,,,,,9418,8800,8595,8595,8497.5,8595,8505,8795,8595,8595,8595,8595,9000,8797.5,9697.5,8595,9372.5,9450,9069,8975,8645,8595,8400
"Mission Hill","Boston","MA","Boston","Suffolk",181,,,,,,,,,,,,,,,,,,,,,,,2700,2700,2600,2600,2600,2700,2600,2612.5,2700,2850,3000,2962.5,3000,2912.5,2800,2900,2900,2950,2900,2850,2800,2900,2895,3000,3000,3000,3000,3000,3000,3000,3000,3000,3000,2900,2900,3000,3100,3200,3100,3050,3100,3050,3000,3000,2950,2975,2900,2872.5,3000,3200,3200,3200,3200,3200,3200
"Lincoln Park","Chicago","IL","Chicago","Cook",182,,,,,,,,,,,,,,,,,,,,,,,,,,,,,,,,,,,,,,,,,,,,,,,,,,,,,3195,3200,3325,3300,2995,3020,3150,3275,3200,2900,2700,2925,3145,3000,2900,2575,2400,2380,2390,2700,2700,2875,2795,2800,3200
"Hartranft","Philadelphia","PA","Philadelphia","Philadelphia",183,,,,,,,,,,,,,,,,,,,,,,,,,,,,,,,,,,,,,,,,,,,,,,,,,1650,1500,1500,1500,1500,1500,1500,1500,1500,1500,1500,1500,1500,1500,1575,1500,1500,1500,1500,1500,1500,1500,1530,1500,1500,1500,1500,1350,1500
"Kyle Canyon","Las Vegas","NV","Las Vegas","Clark",184,,,,,,,,,,,,,,,,,,1195,1150,1150,1195,1150,1100,1197.5,1200,1200,1195,1197,1197,1192,1150,1122.5,1150,1250,1200,1200,1200,1195,1195,1200,1195,1200,1195,1190,1162.5,1150,1175,1200,1200,1200,1200,1225,1245,1250,1250,1195,1195,1225,1225,1200,1245,1295,1300,1250,1200,1200,1200,1250,1212.5,1250,1250,1250,1295,1250,1250,1285,1295
"Woodlawn","Chicago","IL","Chicago","Cook",185,,,,,,,,,,,,,,,,,,,,,,1200,1200,1200,1350,1350,1200,1295,1250,1231.5,1250,1250,1275,1200,1200,1200,1206.5,1232,1250,1250,1250,1249.5,1249.5,1200,1250,1250,1315,1250,1344,1344,1300,1300,1350,1350,1395,1350,1350,1350,1350,1250,1250,1250,1250,1300,1300,1400,1450,1372,1381,1395,1390,1287.5,1250,1350,1300,1300,1350
"North Cambridge","Cambridge","MA","Boston","Middlesex",186,,,,,,,,,,,,,,,,,,,,,,,,,,,,,,,,,,,,,,,,,,,,,,,,,,,,,,,,,,,,,3600,3600,3600,3600,3500,3350,3175,3100,3000,3200,3300,3700,3700,3966,3600,3575,3400
"Riverside","Cambridge","MA","Boston","Middlesex",187,,,,,,,,,,,,,,,,,,,,,,,,,,,,,,,,,,,,,,,,,,,,,,3300,3145,3435,3435,3495,3417.5,3145,3200,3100,3145,3435,3435,3000,3000,2987.5,2987.5,3145,3475,3100,3100,3100,3100,3122.5,3050,3145,3122.5,3350,3322.5,3295,3500,3600,3600
"Mid-Cambridge","Cambridge","MA","Boston","Middlesex",188,,,,,,,,,,,,,,,,,,,,,,,,,,,,,,,,,,,,,,,,,,,,,,,,,,,,,,,,,,,,3000,3500,3497,3500,3500,3584.5,3600,3600,3600,3600,3400,3500,3500,3500,3500,3500,3600,3500
"Downtown","Miami","FL","Miami-Fort Lauderdale","Miami-Dade",189,,,,,,,,,,,,,,,,,,,,,,,,,,,,,,,,,,,,,,,,,,,,,,,,,,,,,,4700,5200,4800,4199.5,4000,4199,4000,4500,4400,4400,4200,4200,4200,4200,4700,4600,4300,4300,4549.5,4300,4050,4200,3800,4150
"Cambridgeport","Cambridge","MA","Boston","Middlesex",190,,,,,,,,,,,,,,,,,,,,,,,,,,,,,,,,,,,,,,3300,3550,3300,3300,3100,3300,3400,3400,3550,3550,3728.5,3400,3400,3300,3200,3250,3300,3300,3400,3400,3400,3300,3300,3300,3380,3400,3300,3350,3300,3300,3300,3100,3000,3000,3000,3300,3300,3300,3500,3500
"Hunters Point","New York","NY","New York","Queens",191,,,,,,,,,,,,,,,,,,,,,,,,,,,,,,,,,,,,,,,,5390,5370,5269,4995,4995,4697.5,4428,4583,4487,4425,4458,4487,4845,5000,5350,5350,5177.5,5250,5240,5240,5217.5,5000,5195,4592,4443,4428,4450,4895,5010,4995,4995,4697.5,4500,4795,4795,4842.5,4937.5,4815
"Peabody","Cambridge","MA","Boston","Middlesex",192,,,,,,,,,,,,,,,,,,,,,,,,,,,,,,,,,,,,,,,,,,,,,,,,,,,,,,,,,,,,3250,3200,3400,3200,3400,3600,3600,3895,3580,3600,3400,3400,3500,3600,3850,3800,3800,3675
"Wrightwood Neighbors","Chicago","IL","Chicago","Cook",193,,,,,,,,,,,,,,,,,,,,,,,,,,,,,,,,,,,,,,,,,,,,,,,,,,2550,2700,2700,2700,2700,2550,2500,2500,2595,2600,2872.5,2850,2500,2700,2995,3100,2850,2850,2850,2999,2995,2900,2897.5,2945,2897.5,2995,2845,3250
"North End","Boston","MA","Boston","Suffolk",194,,,,,,,,,,,,,,,,,,,,,,,,,3400,3400,3400,3400,3400,3387.5,3400,3400,3400,3400,3500,3495,3400,3500,3500,3500,3525,3600,3600,3500,3500,3500,3500,3550,3600,3600,3747.5,3600,3600,3600,3600,3600,3592.5,3500,3500,3595,3600,3750,3720,3750,3700,3650,3600,3600,3600,3600,3550,3600,3695,3775,3775,3775,3850
"Beacon Hill","Boston","MA","Boston","Suffolk",195,,,,,,,,,,,,,,,,,,,,,,,,,,,,,,,,,,,,,3350,3350,3650,3699,3660,3699,3900,3600,3200,3200,3350,3700,3770,3750,3750,3700,3699,3700,3630,3800,3850,3800,3800,3800,3975,3870,3870,3870,3870,3797.5,3795,3840,3750,3994.5,3994.5,4000,4000,4000,4000,3945,4000
"Ballantyne West","Charlotte","NC","Charlotte","Mecklenburg",196,,,,,,,,,,,,,,,,,,,,,,,,,,,,,,,,,,,,,,,,,,,,,,,,,1425,1372.5,1470,1512.5,1495,1450,1450,1595,1472.5,1472.5,1497.5,1395,1425,1450,1495,1650,1595,1595,1675,1700,1695,1650,1650,1775,1737.5,1675,1600,1750,1537.5
"Wellington-Harrington","Cambridge","MA","Boston","Middlesex",197,,,,,,,,,,,,,,,,,,,,,,,,,,,,,,,,,,,,,,,2635,2800,2950,3000,2787.5,2800,2800,2825,2800,2800,2800,2800,3050,3100,3025,2900,3000,2850,2800,2900,2900,2900,2800,3000,3000,3100,3150,3100,3000,2900,2800,2700,2792.5,3100,3250,3250,3250,3300,3340
"The Port - Area 4","Cambridge","MA","Boston","Middlesex",198,,,,,,,,,,,,,,,,,,,,,,,,,,,,,,,,,,,,,,,,,,,,,,,,,,,,,,,,,,,,,3400,3100,3100,3200,3300,3300,3500,3000,3050,3000,3000,3337.5,3300,3300,3300,3300,3200
"Victoria Park","Fort Lauderdale","FL","Miami-Fort Lauderdale","Broward",199,,,,,,,,,,,,,,,,,,,,,,,,,,,,2600,2800,2570,2500,2745,2600,2600,2350,2500,2550,3000,3000,3200,3200,2950,3000,3000,2995,2800,2700,3000,3050,3100,3248.5,3200,3300,3200,3000,2943,3170.5,3200,3002,2850,2950,2875,2900,3000,3000,3000,3100,3000,3002,3002,3100,3200,3091,3200,3275,3000,3275
"Northwest Harbor","East Hampton","NY","New York","Suffolk",200,,,,,,,,,,,,,,,,,,,,,,,,,,,,,,,,,,,,,,,,,,,,,,,,,,,,,,,,,,,,,,,,,,22000,22000,22000,23500,25000,25000,25000,25000,25000,25000,25000,24500
"Roscoe Village","Chicago","IL","Chicago","Cook",201,,,,,,,,,,,,,,,,,,,,,,,,,,,,,,,,,,,,,,,,,,,,,,,,,,,,,,,,,,,,,2300,2300,2300,2450,2300,2550,2450,2395,2400,2200,2000,2125,2450,2500,2500,2550,2500
"Alafaya","Orlando","FL","Orlando","Orange",202,,,,,,,,,,,,,1200,1200,1225,1250,1295,1295,1295,1293.5,1250,1225,1250,1250,1230,1250,1250,1250,1295,1296.5,1295,1295,1295,1252.5,1275,1250,1250,1295,1300,1300,1300,1300,1300,1300,1295,1295,1300,1300,1295,1300,1300,1350,1350,1375,1325,1325,1350,1320,1320,1300,1350,1334,1350,1395,1395,1425,1395,1400,1395,1400,1400,1400,1425,1400,1395,1400,1425
"Far Eastside","Indianapolis","IN","Indianapolis","Marion",202,,,,,,,,,,,,,,,,,,752.5,765,750,795,795,795,800,799.5,775,775,762.5,750,750,750,750,775,775,775,785,775,797.5,800,800,800,800,850,800,795,795,797.5,825,825,850,850,885,850,832.5,875,899.5,862.5,850,850,900,900,925,875,899,900,850,850,850,825,800,825,800,850,850,925,862.5,875
"Northern Liberties","Philadelphia","PA","Philadelphia","Philadelphia",202,,,,,,,,,,,,,,,,,,,,,,,,,,,,,,,,,,,,,,,,,,,,,,,,,,,,,,,,,,,,,2650,2600,2600,2590,2590,2590,2650,2599,2600,2550,2590,2450,2450,2500,2500,2700,2500
